{
    "custom_signs": {
        "s_new_rongdian": {
            "texture_id": "mtr:mtr_custom_directory/newrd.png",
            "flip_texture": false, //是否翻转
            "small": false  //是否有边距
        },
        "s_black_act": {
            "texture_id": "mtr:mtr_custom_directory/bact.png",
            "flip_texture": false,
            "small": false
        },
        "s_pingjun": {
            "texture_id": "mtr:mtr_custom_directory/pingjun.png",
            "flip_texture": false,
            "small": false
        },
        "s_guangy": {
            "texture_id": "mtr:mtr_custom_directory/guangy.png",
            "flip_texture": false,
            "small": false
        },
        "s_beihai": {
            "texture_id": "mtr:mtr_custom_directory/beihai.png",
            "flip_texture": false,
            "small": false
        },
        
        "new_rongdian": {
            "texture_id": "mtr:mtr_custom_directory/newrd.png",
            "flip_texture": false,
            "small": true,
            "custom_text":"荣典轨道交通|Rongdian Rail Transit", //文字
            "flip_custom_text":false, //更改图标位置
            "background_color":"000000" //背景颜色
        },
        "new_rongdian_f": {
            "texture_id": "mtr:mtr_custom_directory/newrd.png",
            "flip_texture": false,
            "small": true,
            "custom_text":"荣典轨道交通|Rongdian Rail Transit",
            "flip_custom_text":true,
            "background_color":"000000"
        },
        "act": {
            "texture_id": "mtr:mtr_custom_directory/act.png",
            "flip_texture": false,
            "small": true,
            "custom_text":"城东铁道|ACT Railway",
            "flip_custom_text":false,
            "background_color":"000000"
        },
        "act_f": {
            "texture_id": "mtr:mtr_custom_directory/act.png",
            "flip_texture": false,
            "small": true,
            "custom_text":"城东铁道|ACT Railway",
            "flip_custom_text":true,
            "background_color":"000000"
        },
        "pingjun": {
            "texture_id": "mtr:mtr_custom_directory/pingjun.png",
            "flip_texture": false,
            "small": true,
            "custom_text":"苹骏轨道交通|Apple Jun Rail Transit",
            "flip_custom_text":false,
            "background_color":"000000"
        },
        "pingjun_f": {
            "texture_id": "mtr:mtr_custom_directory/pingjun.png",
            "flip_texture": false,
            "small": true,
            "custom_text":"苹骏轨道交通|Apple Jun Rail Transit",
            "flip_custom_text":true,
            "background_color":"000000"
        },
        "guangyang": {
            "texture_id": "mtr:mtr_custom_directory/guangy.png",
            "flip_texture": false,
            "small": true,
            "custom_text":"广阳轨道交通|GuangYang Railway",
            "flip_custom_text":false,
            "background_color":"000000"
        },
        "guangyang_f": {
            "texture_id": "mtr:mtr_custom_directory/guangy.png",
            "flip_texture": false,
            "small": true,
            "custom_text":"广阳轨道交通|GuangYang Railway",
            "flip_custom_text":true,
            "background_color":"000000"
        },
        "beihai": {
            "texture_id": "mtr:mtr_custom_directory/beihai.png",
            "flip_texture": false,
            "small": true,
            "custom_text":"北海铁道运营有限公司|Beihai Railway Co,.Ltd",
            "flip_custom_text":false,
            "background_color":"000000"
        },
        "beihai_f": {
            "texture_id": "mtr:mtr_custom_directory/beihai.png",
            "flip_texture": false,
            "small": true,
            "custom_text":"北海铁道运营有限公司|Beihai Railway Co,.Ltd",
            "flip_custom_text":true,
            "background_color":"000000"
        }
	}
}